run_key,model,display_name,mode,seed,epoch,train_loss,train_top1,validation_loss,validation_top1,cumulative_seconds,classification_loss,distillation_loss
convnext-standard-seed42,convnext,ConvNeXt-T,standard,42,1,3.7667001406351726,31.56888888888889,1.8161395473480224,70.0,159.24966592000033,,
convnext-standard-seed42,convnext,ConvNeXt-T,standard,42,2,1.8095489675309924,70.46,0.7216742023468018,83.18,296.13400899700014,,
convnext-standard-seed42,convnext,ConvNeXt-T,standard,42,3,1.4038030299504598,79.46666666666667,0.5683593006610871,86.54,434.103854834,,
convnext-standard-seed42,convnext,ConvNeXt-T,standard,42,4,1.2779912848154704,83.35555555555555,0.5082297623157501,87.32,572.8992680669996,,
convnext-standard-seed42,convnext,ConvNeXt-T,standard,42,5,1.197589386929406,85.94222222222223,0.4819089977264404,87.86,711.395580007,,
convnext-standard-seed42,convnext,ConvNeXt-T,standard,42,6,1.139879513253106,88.0,0.4684164373397827,88.32,849.9560964589998,,
convnext-standard-seed42,convnext,ConvNeXt-T,standard,42,7,1.0999575252744886,89.35777777777778,0.4619133004665375,88.76,988.9534960309995,,
convnext-standard-seed42,convnext,ConvNeXt-T,standard,42,8,1.0620388389693367,90.66,0.4679763640880585,88.36,1127.306333117,,
convnext-standard-seed42,convnext,ConvNeXt-T,standard,42,9,1.0302280043496026,91.79777777777778,0.45847382922172547,89.2,1265.6016385320002,,
convnext-standard-seed42,convnext,ConvNeXt-T,standard,42,10,1.0055605604489644,92.85111111111111,0.44975349364280703,89.12,1404.8528756820003,,
convnext-standard-seed42,convnext,ConvNeXt-T,standard,42,11,0.9827514073371887,93.58666666666667,0.45226348009109496,88.88,1542.4162078940005,,
convnext-standard-seed42,convnext,ConvNeXt-T,standard,42,12,0.9706555672645569,94.02888888888889,0.4561493213176727,89.16,1681.0910127630007,,
convnext-standard-seed42,convnext,ConvNeXt-T,standard,42,13,0.9541406662835015,94.58666666666667,0.45763017377853393,89.24,1819.9787216280004,,
convnext-standard-seed42,convnext,ConvNeXt-T,standard,42,14,0.9400494391123454,95.12666666666667,0.4576495222568512,89.08,1958.8628607710004,,
convnext-standard-seed42,convnext,ConvNeXt-T,standard,42,15,0.9326667542987399,95.41555555555556,0.45384993853569033,89.6,2098.1818932940005,,
convnext-standard-seed42,convnext,ConvNeXt-T,standard,42,16,0.9284473850038316,95.42888888888889,0.45101784572601317,89.6,2237.0839156250004,,
convnext-standard-seed42,convnext,ConvNeXt-T,standard,42,17,0.9209549523247613,95.80666666666667,0.4518927227973938,89.86,2376.160370025,,
convnext-standard-seed42,convnext,ConvNeXt-T,standard,42,18,0.9181310733053419,95.89111111111112,0.4524921130180359,89.66,2514.854323261,,
convnext-standard-seed42,convnext,ConvNeXt-T,standard,42,19,0.9160427381409539,95.92222222222222,0.4524287845611572,89.68,2651.8460178230007,,
convnext-standard-seed42,convnext,ConvNeXt-T,standard,42,20,0.9136880412737528,96.03333333333333,0.45195455298423765,89.7,2789.4574548180008,,
vit-standard-seed42,vit,ViT-S/16,standard,42,1,2.902411583709717,42.67333333333333,0.7650930633544922,80.46,83.11916694800001,,
vit-standard-seed42,vit,ViT-S/16,standard,42,2,1.5302659155527751,75.52666666666667,0.649686996459961,83.54,164.81945953899998,,
vit-standard-seed42,vit,ViT-S/16,standard,42,3,1.3980587674034965,79.51555555555555,0.5959713744163513,84.52,246.867734873,,
vit-standard-seed42,vit,ViT-S/16,standard,42,4,1.2869545261594983,83.11777777777777,0.573504077720642,85.8,331.16401449499995,,
vit-standard-seed42,vit,ViT-S/16,standard,42,5,1.2156278246985541,85.6288888888889,0.5497735964775086,86.28,415.21942545599995,,
vit-standard-seed42,vit,ViT-S/16,standard,42,6,1.1534308321634927,87.72666666666667,0.5519826049804688,86.18,499.18630522800004,,
vit-standard-seed42,vit,ViT-S/16,standard,42,7,1.1043820426834954,89.32,0.5393952094078064,87.08,583.2546063570001,,
vit-standard-seed42,vit,ViT-S/16,standard,42,8,1.0637690071105956,90.77777777777777,0.5385724670410156,86.7,667.412148083,,
vit-standard-seed42,vit,ViT-S/16,standard,42,9,1.0268184286435444,92.14222222222222,0.5259280432701111,87.26,751.691665754,,
vit-standard-seed42,vit,ViT-S/16,standard,42,10,0.999160442966885,93.18888888888888,0.5202932633399964,87.9,835.836512563,,
vit-standard-seed42,vit,ViT-S/16,standard,42,11,0.9693983827379015,94.13555555555556,0.514621384191513,88.42,920.0706118429999,,
vit-standard-seed42,vit,ViT-S/16,standard,42,12,0.9511773754755656,94.86666666666666,0.5179296373844147,87.9,1004.0796335339998,,
vit-standard-seed42,vit,ViT-S/16,standard,42,13,0.9272429713990953,95.67111111111112,0.5121905665397644,88.8,1086.6519678279997,,
vit-standard-seed42,vit,ViT-S/16,standard,42,14,0.910502517996894,96.21333333333334,0.5084908224105835,88.6,1168.9551837609997,,
vit-standard-seed42,vit,ViT-S/16,standard,42,15,0.8966341973834567,96.69555555555556,0.5138636219501496,88.86,1252.1163708319998,,
vit-standard-seed42,vit,ViT-S/16,standard,42,16,0.8879092311435276,97.07111111111111,0.5049399044036865,89.06,1336.772580855,,
vit-standard-seed42,vit,ViT-S/16,standard,42,17,0.8786597423129612,97.32,0.5035600093841552,89.32,1421.238053443,,
vit-standard-seed42,vit,ViT-S/16,standard,42,18,0.8743622001012167,97.47777777777777,0.4988097204208374,89.2,1505.2902451799998,,
vit-standard-seed42,vit,ViT-S/16,standard,42,19,0.8682376603338453,97.64888888888889,0.4981942099571228,89.18,1589.188959569,,
vit-standard-seed42,vit,ViT-S/16,standard,42,20,0.8671988519350687,97.64888888888889,0.49440441904067994,89.6,1673.357545405,,
swin-standard-seed42,swin,Swin-T,standard,42,1,3.1138392703586155,36.37777777777778,0.8303258764266968,78.2,182.143709855,,
swin-standard-seed42,swin,Swin-T,standard,42,2,1.6815805814531115,71.27555555555556,0.6566583446502685,82.28,362.3566214130001,,
swin-standard-seed42,swin,Swin-T,standard,42,3,1.4958824817233616,76.2688888888889,0.5993878432750702,84.08,542.215195601,,
swin-standard-seed42,swin,Swin-T,standard,42,4,1.3791291867574056,80.05111111111111,0.5440349873542786,85.46,722.4046990390001,,
swin-standard-seed42,swin,Swin-T,standard,42,5,1.2997279549280802,82.76222222222222,0.5114192454338073,86.52,902.6733066970002,,
swin-standard-seed42,swin,Swin-T,standard,42,6,1.2405421981493632,84.82222222222222,0.5049465229034423,87.18,1083.1310168,,
swin-standard-seed42,swin,Swin-T,standard,42,7,1.1918076894548204,86.44444444444444,0.49310361399650576,87.02,1264.15614292,,
swin-standard-seed42,swin,Swin-T,standard,42,8,1.1489616010453967,88.01777777777778,0.4983553493976593,87.32,1445.669742795,,
swin-standard-seed42,swin,Swin-T,standard,42,9,1.1118056599511041,89.42666666666666,0.47800114431381224,87.84,1627.8956264800001,,
swin-standard-seed42,swin,Swin-T,standard,42,10,1.0824293551127115,90.58888888888889,0.48054675245285033,87.88,1809.7915364240002,,
swin-standard-seed42,swin,Swin-T,standard,42,11,1.0564987625969782,91.44222222222223,0.4688482060432434,88.04,1992.3521930600004,,
swin-standard-seed42,swin,Swin-T,standard,42,12,1.0332676078372531,92.25555555555556,0.4628698630809784,89.16,2174.7467130040004,,
swin-standard-seed42,swin,Swin-T,standard,42,13,1.0080077913920085,93.19777777777777,0.4688817408561707,88.56,2357.198300522,,
swin-standard-seed42,swin,Swin-T,standard,42,14,0.9919483540429009,93.75333333333333,0.4652939272403717,88.94,2538.5730069070005,,
swin-standard-seed42,swin,Swin-T,standard,42,15,0.9800122749010722,94.24,0.4553578992366791,89.3,2720.9659736020003,,
swin-standard-seed42,swin,Swin-T,standard,42,16,0.9694040551715427,94.65333333333334,0.4507915984630585,89.48,2903.200041328,,
swin-standard-seed42,swin,Swin-T,standard,42,17,0.9622505562676323,94.91555555555556,0.4503328215122223,89.5,3085.8433564590005,,
swin-standard-seed42,swin,Swin-T,standard,42,18,0.9549930867618984,95.14666666666666,0.4524413750648498,89.52,3267.932922547,,
swin-standard-seed42,swin,Swin-T,standard,42,19,0.9485410739368862,95.36444444444444,0.4528714479923248,89.54,3450.0135159150004,,
swin-standard-seed42,swin,Swin-T,standard,42,20,0.9490107592052883,95.34222222222222,0.45156445999145506,89.54,3631.1184958180006,,
efficientformer-standard-seed42,efficientformer,EfficientFormer-L1,standard,42,1,3.86097444513109,20.94,1.5167168102264403,61.48,87.81622463100001,,
efficientformer-standard-seed42,efficientformer,EfficientFormer-L1,standard,42,2,1.963156677500407,62.82222222222222,0.8302864381790162,78.68,171.946322549,,
efficientformer-standard-seed42,efficientformer,EfficientFormer-L1,standard,42,3,1.6159678107791478,73.06888888888889,0.7159340080261231,82.66,256.353993296,,
efficientformer-standard-seed42,efficientformer,EfficientFormer-L1,standard,42,4,1.4824932571411134,77.32,0.6627669515609741,83.4,340.65199616900003,,
efficientformer-standard-seed42,efficientformer,EfficientFormer-L1,standard,42,5,1.386941508441501,80.6,0.6122228536605835,84.48,425.15089323200004,,
efficientformer-standard-seed42,efficientformer,EfficientFormer-L1,standard,42,6,1.3214185864342582,82.75555555555556,0.6030615650177001,84.94,509.56850352800006,,
efficientformer-standard-seed42,efficientformer,EfficientFormer-L1,standard,42,7,1.2774883761088054,84.15555555555555,0.5855043698310852,85.2,593.7636439120001,,
efficientformer-standard-seed42,efficientformer,EfficientFormer-L1,standard,42,8,1.2294677474127875,85.8711111111111,0.5810406120300293,85.48,678.2063882370003,,
efficientformer-standard-seed42,efficientformer,EfficientFormer-L1,standard,42,9,1.1969785375383166,87.09333333333333,0.5696206838607788,85.52,762.6665857520002,,
efficientformer-standard-seed42,efficientformer,EfficientFormer-L1,standard,42,10,1.1670788527382745,88.24222222222222,0.5626538040161133,86.16,847.2176097350002,,
efficientformer-standard-seed42,efficientformer,EfficientFormer-L1,standard,42,11,1.1434139019860161,89.11111111111111,0.555591562795639,86.18,931.4248162340004,,
efficientformer-standard-seed42,efficientformer,EfficientFormer-L1,standard,42,12,1.1194964197794597,89.94,0.5510715413093566,86.28,1015.5840988140005,,
efficientformer-standard-seed42,efficientformer,EfficientFormer-L1,standard,42,13,1.101558770688375,90.42444444444445,0.5498418887138367,86.48,1102.2390305400006,,
efficientformer-standard-seed42,efficientformer,EfficientFormer-L1,standard,42,14,1.0842033411237928,91.24,0.5494314468383789,86.3,1186.8125441570005,,
efficientformer-standard-seed42,efficientformer,EfficientFormer-L1,standard,42,15,1.0785100873947144,91.50444444444445,0.5476529896259308,86.46,1272.3136917130005,,
efficientformer-standard-seed42,efficientformer,EfficientFormer-L1,standard,42,16,1.0688635341538324,91.85111111111111,0.5373651230812073,86.66,1357.7778178120006,,
efficientformer-standard-seed42,efficientformer,EfficientFormer-L1,standard,42,17,1.0617455692503188,92.08222222222223,0.5425855985641479,86.82,1443.1470524550007,,
efficientformer-standard-seed42,efficientformer,EfficientFormer-L1,standard,42,18,1.0559050056669448,92.26,0.5469162731170655,86.64,1529.4091974040007,,
efficientformer-standard-seed42,efficientformer,EfficientFormer-L1,standard,42,19,1.056951585345798,92.27333333333333,0.5501786388397217,86.62,1615.1883237940008,,
efficientformer-standard-seed42,efficientformer,EfficientFormer-L1,standard,42,20,1.0506543249236213,92.40444444444445,0.5462933820724487,86.86,1701.0025390570008,,
deit-standard-seed42,deit,DeiT-S/16,standard,42,1,3.194199195543925,37.67111111111111,0.9571177589416504,77.64,82.860228159,,
deit-standard-seed42,deit,DeiT-S/16,standard,42,2,1.5704157097286648,74.24444444444444,0.6539145792961121,83.72,163.526656124,,
deit-standard-seed42,deit,DeiT-S/16,standard,42,3,1.3949972147199843,79.32666666666667,0.5740103552818299,85.5,244.49539434799996,,
deit-standard-seed42,deit,DeiT-S/16,standard,42,4,1.2877895130793253,82.95555555555555,0.5353437189102173,86.28,326.0574370830001,,
deit-standard-seed42,deit,DeiT-S/16,standard,42,5,1.2159836768468222,85.20666666666666,0.5291574817180633,86.56,407.06445852300004,,
deit-standard-seed42,deit,DeiT-S/16,standard,42,6,1.154969121668074,87.49111111111111,0.5094177061080932,88.12,487.88356403500006,,
deit-standard-seed42,deit,DeiT-S/16,standard,42,7,1.110998962349362,88.97111111111111,0.5132681596279144,87.16,568.3669005710001,,
deit-standard-seed42,deit,DeiT-S/16,standard,42,8,1.066391011344062,90.48222222222222,0.4960452775001526,88.08,648.94724951,,
deit-standard-seed42,deit,DeiT-S/16,standard,42,9,1.0294513582865397,91.91111111111111,0.49717512345314024,88.4,730.5383563429999,,
deit-standard-seed42,deit,DeiT-S/16,standard,42,10,1.0010287435213725,92.9888888888889,0.49309459257125854,88.36,811.1509497509999,,
deit-standard-seed42,deit,DeiT-S/16,standard,42,11,0.9738257635116577,93.88444444444444,0.5020302115440368,88.28,892.7442546759999,,
deit-standard-seed42,deit,DeiT-S/16,standard,42,12,0.952776749420166,94.6,0.4851966609477997,88.68,973.4491799649999,,
deit-standard-seed42,deit,DeiT-S/16,standard,42,13,0.9325482057147556,95.30888888888889,0.4961971499443054,89.02,1054.4753422049998,,
deit-standard-seed42,deit,DeiT-S/16,standard,42,14,0.9174271399603949,95.89111111111112,0.48942312593460086,89.32,1136.504434496,,
deit-standard-seed42,deit,DeiT-S/16,standard,42,15,0.9073710475073921,96.11777777777777,0.4874080156326294,89.16,1219.5248612139999,,
deit-standard-seed42,deit,DeiT-S/16,standard,42,16,0.8973959156354269,96.44888888888889,0.4900791407585144,89.44,1302.509800286,,
deit-standard-seed42,deit,DeiT-S/16,standard,42,17,0.8886431807623969,96.7088888888889,0.48342578125,89.74,1386.602007661,,
deit-standard-seed42,deit,DeiT-S/16,standard,42,18,0.8851760086165534,96.89333333333333,0.4842074983596802,89.58,1470.9288105599999,,
deit-standard-seed42,deit,DeiT-S/16,standard,42,19,0.8782249345779419,97.1511111111111,0.48175542941093447,89.7,1555.347857367,,
deit-standard-seed42,deit,DeiT-S/16,standard,42,20,0.8758682016266717,97.21111111111111,0.48031524109840396,89.8,1639.156589266,,
deit-standard-seed43,deit,DeiT-S/16,standard,43,1,3.1554136654324,38.24444444444445,0.9740959652900696,77.38,84.901784078,,
deit-standard-seed43,deit,DeiT-S/16,standard,43,2,1.5730218242645264,74.08444444444444,0.6653622232437134,82.8,168.07388327900003,,
deit-standard-seed43,deit,DeiT-S/16,standard,43,3,1.4070982536527845,79.16666666666667,0.5856769444465637,85.18,253.31197407000002,,
deit-standard-seed43,deit,DeiT-S/16,standard,43,4,1.2846227007971869,82.9,0.5376330299377441,86.32,337.77078011800006,,
deit-standard-seed43,deit,DeiT-S/16,standard,43,5,1.216858652750651,85.30888888888889,0.5463018033981323,86.14,421.9236422840001,,
deit-standard-seed43,deit,DeiT-S/16,standard,43,6,1.1511801248338487,87.44222222222223,0.509611957025528,87.22,507.1537427510001,,
deit-standard-seed43,deit,DeiT-S/16,standard,43,7,1.1035662026723225,89.2688888888889,0.49713537378311157,87.76,590.0196407740001,,
deit-standard-seed43,deit,DeiT-S/16,standard,43,8,1.0636458375400968,90.48,0.48970663332939146,88.16,674.4691078180001,,
deit-standard-seed43,deit,DeiT-S/16,standard,43,9,1.0285717680401272,91.92444444444445,0.48187320470809936,88.54,759.7265785280001,,
deit-standard-seed43,deit,DeiT-S/16,standard,43,10,1.0023919584910075,92.85111111111111,0.48758344564437867,88.52,845.157430746,,
deit-standard-seed43,deit,DeiT-S/16,standard,43,11,0.9762912966516283,93.6,0.4860206575870514,88.9,929.443957199,,
deit-standard-seed43,deit,DeiT-S/16,standard,43,12,0.9509553065723843,94.59333333333333,0.4846278016090393,89.0,1014.9636868690001,,
deit-standard-seed43,deit,DeiT-S/16,standard,43,13,0.933472623931037,95.24666666666667,0.48037488231658937,88.78,1097.9972289520001,,
deit-standard-seed43,deit,DeiT-S/16,standard,43,14,0.9183323530515035,95.80666666666667,0.4773489830970764,89.34,1181.646935469,,
deit-standard-seed43,deit,DeiT-S/16,standard,43,15,0.9042640240881178,96.16444444444444,0.4777989665031433,89.24,1266.802762635,,
deit-standard-seed43,deit,DeiT-S/16,standard,43,16,0.9012931256082323,96.37555555555555,0.4747199629306793,89.44,1349.042777788,,
deit-standard-seed43,deit,DeiT-S/16,standard,43,17,0.8854330974155002,96.88444444444444,0.46981862335205077,89.56,1432.589390092,,
deit-standard-seed43,deit,DeiT-S/16,standard,43,18,0.8824417904429965,97.02,0.4704814514160156,89.6,1518.1876454740002,,
deit-standard-seed43,deit,DeiT-S/16,standard,43,19,0.8763937163247002,97.18888888888888,0.4697572201251984,89.68,1604.0159294580003,,
deit-standard-seed43,deit,DeiT-S/16,standard,43,20,0.8764924024793836,97.24444444444444,0.46827153100967406,89.7,1688.338380226,,
deit-standard-seed44,deit,DeiT-S/16,standard,44,1,3.196826624806722,37.33777777777778,1.0013699850082398,76.7,84.213616519,,
deit-standard-seed44,deit,DeiT-S/16,standard,44,2,1.571290406841702,74.00222222222222,0.6547010645389557,83.54,168.12630540600003,,
deit-standard-seed44,deit,DeiT-S/16,standard,44,3,1.3961302981058756,79.30666666666667,0.5598467971801758,85.62,253.62356726400006,,
deit-standard-seed44,deit,DeiT-S/16,standard,44,4,1.2877197409311931,82.85333333333334,0.5460019410133362,85.68,338.49668671300003,,
deit-standard-seed44,deit,DeiT-S/16,standard,44,5,1.209022402911716,85.53555555555556,0.5317278738021851,86.64,423.599549614,,
deit-standard-seed44,deit,DeiT-S/16,standard,44,6,1.1572605774349636,87.45333333333333,0.5061660194873809,87.44,511.098877663,,
deit-standard-seed44,deit,DeiT-S/16,standard,44,7,1.1038765400038826,89.26444444444445,0.5105860779762268,87.18,596.784319558,,
deit-standard-seed44,deit,DeiT-S/16,standard,44,8,1.0689265658272638,90.45111111111112,0.491797119808197,88.16,681.875149594,,
deit-standard-seed44,deit,DeiT-S/16,standard,44,9,1.0335834069781833,91.81777777777778,0.4941571761608124,88.18,767.032548826,,
deit-standard-seed44,deit,DeiT-S/16,standard,44,10,1.0024565981970892,92.84666666666666,0.48806377296447756,88.56,852.112595989,,
deit-standard-seed44,deit,DeiT-S/16,standard,44,11,0.9778886142412822,93.74444444444444,0.4922834037303925,88.36,937.2038073390002,,
deit-standard-seed44,deit,DeiT-S/16,standard,44,12,0.9564637901730008,94.55111111111111,0.4861561080932617,88.52,1022.2376097670001,,
deit-standard-seed44,deit,DeiT-S/16,standard,44,13,0.9358821586290995,95.18666666666667,0.48182631273269655,88.72,1107.0871700500002,,
deit-standard-seed44,deit,DeiT-S/16,standard,44,14,0.9205817525015937,95.71333333333334,0.4810323775291443,89.02,1192.059168028,,
deit-standard-seed44,deit,DeiT-S/16,standard,44,15,0.9094649105919732,96.12222222222222,0.4806832550048828,89.3,1277.24111453,,
deit-standard-seed44,deit,DeiT-S/16,standard,44,16,0.8969224764929877,96.5111111111111,0.48068887367248536,89.36,1362.426087027,,
deit-standard-seed44,deit,DeiT-S/16,standard,44,17,0.8901528752538893,96.70666666666666,0.47879109582901,89.62,1447.373477251,,
deit-standard-seed44,deit,DeiT-S/16,standard,44,18,0.881282042588128,97.01555555555555,0.4804483486175537,89.66,1532.604494716,,
deit-standard-seed44,deit,DeiT-S/16,standard,44,19,0.8807935371186998,97.10444444444444,0.47964754467010495,89.6,1617.6611158340002,,
deit-standard-seed44,deit,DeiT-S/16,standard,44,20,0.8797675667126974,97.11111111111111,0.47917526655197146,89.58,1702.554159402,,
deit_distilled-standard-seed42,deit_distilled,Distilled DeiT-S/16,standard,42,1,2.971982460445828,43.931111111111115,0.8180987700462341,80.22,83.843518139,,
deit_distilled-standard-seed42,deit_distilled,Distilled DeiT-S/16,standard,42,2,1.5167006523132325,75.96,0.6119530912399292,84.4,167.168673744,,
deit_distilled-standard-seed42,deit_distilled,Distilled DeiT-S/16,standard,42,3,1.3666032607608372,80.22444444444444,0.569834406042099,85.36,250.33327016199993,,
deit_distilled-standard-seed42,deit_distilled,Distilled DeiT-S/16,standard,42,4,1.263768236372206,83.72,0.5298959607124328,86.88,333.486853559,,
deit_distilled-standard-seed42,deit_distilled,Distilled DeiT-S/16,standard,42,5,1.19601071272956,86.19555555555556,0.517924436044693,87.26,416.604916755,,
deit_distilled-standard-seed42,deit_distilled,Distilled DeiT-S/16,standard,42,6,1.1366201146337722,88.34444444444445,0.4964476699829102,87.62,500.433297622,,
deit_distilled-standard-seed42,deit_distilled,Distilled DeiT-S/16,standard,42,7,1.0915187283833823,89.85777777777778,0.49391090426445006,87.94,583.6337957989999,,
deit_distilled-standard-seed42,deit_distilled,Distilled DeiT-S/16,standard,42,8,1.0519614795684815,91.31111111111112,0.4845743315219879,88.52,667.746342061,,
deit_distilled-standard-seed42,deit_distilled,Distilled DeiT-S/16,standard,42,9,1.0190510958777534,92.41111111111111,0.4960920108795166,88.6,752.2955900499999,,
deit_distilled-standard-seed42,deit_distilled,Distilled DeiT-S/16,standard,42,10,0.9927112843725416,93.47777777777777,0.48470961332321166,88.94,836.8128453109999,,
deit_distilled-standard-seed42,deit_distilled,Distilled DeiT-S/16,standard,42,11,0.9697918816778395,94.2,0.4851248734474182,88.82,921.118611499,,
deit_distilled-standard-seed42,deit_distilled,Distilled DeiT-S/16,standard,42,12,0.9485911116917928,94.96,0.48808993263244627,89.18,1007.4213817830001,,
deit_distilled-standard-seed42,deit_distilled,Distilled DeiT-S/16,standard,42,13,0.9298490361425612,95.5911111111111,0.4955332342624664,89.12,1092.0135485810001,,
deit_distilled-standard-seed42,deit_distilled,Distilled DeiT-S/16,standard,42,14,0.9151839838027954,96.06444444444445,0.4814388228416443,89.38,1175.237132826,,
deit_distilled-standard-seed42,deit_distilled,Distilled DeiT-S/16,standard,42,15,0.905952920850118,96.33333333333333,0.4765923174858093,89.34,1259.867307092,,
deit_distilled-standard-seed42,deit_distilled,Distilled DeiT-S/16,standard,42,16,0.8961676205211215,96.72444444444444,0.47162820463180544,89.7,1344.531542515,,
deit_distilled-standard-seed42,deit_distilled,Distilled DeiT-S/16,standard,42,17,0.8858082230461969,97.03777777777778,0.4764399881362915,89.64,1428.171998382,,
deit_distilled-standard-seed42,deit_distilled,Distilled DeiT-S/16,standard,42,18,0.8820553650644091,97.22,0.474872510433197,89.94,1512.8349848000003,,
deit_distilled-standard-seed42,deit_distilled,Distilled DeiT-S/16,standard,42,19,0.878790746720632,97.33333333333333,0.47467298197746277,90.04,1596.8932530280003,,
deit_distilled-standard-seed42,deit_distilled,Distilled DeiT-S/16,standard,42,20,0.8764258578088548,97.31777777777778,0.47465604796409605,90.0,1680.1939577700005,,
deit_distilled-standard-seed43,deit_distilled,Distilled DeiT-S/16,standard,43,1,3.0095239078097875,41.98,0.8497823201179504,79.96,86.148048668,,
deit_distilled-standard-seed43,deit_distilled,Distilled DeiT-S/16,standard,43,2,1.5267975524478488,75.38666666666667,0.61035900349617,84.02,172.97497606500002,,
deit_distilled-standard-seed43,deit_distilled,Distilled DeiT-S/16,standard,43,3,1.3784011817084418,80.10666666666667,0.5814183602333068,85.56,259.57245713,,
deit_distilled-standard-seed43,deit_distilled,Distilled DeiT-S/16,standard,43,4,1.2618183036592272,83.78222222222222,0.5143791406154633,87.12,346.4161076959999,,
deit_distilled-standard-seed43,deit_distilled,Distilled DeiT-S/16,standard,43,5,1.2004180563078986,86.07333333333334,0.5008319865703583,87.5,433.1932378729999,,
deit_distilled-standard-seed43,deit_distilled,Distilled DeiT-S/16,standard,43,6,1.1408493053860134,88.00666666666666,0.5139105744361877,87.16,515.8224261859998,,
deit_distilled-standard-seed43,deit_distilled,Distilled DeiT-S/16,standard,43,7,1.093280386077033,89.74888888888889,0.48809808349609374,87.72,597.2057122559999,,
deit_distilled-standard-seed43,deit_distilled,Distilled DeiT-S/16,standard,43,8,1.0524332208739386,91.29555555555555,0.4791537547111511,88.68,679.6215752329998,,
deit_distilled-standard-seed43,deit_distilled,Distilled DeiT-S/16,standard,43,9,1.0247595519913568,92.36,0.4839293314933777,88.42,761.7212217409999,,
deit_distilled-standard-seed43,deit_distilled,Distilled DeiT-S/16,standard,43,10,0.9961849431355795,93.32666666666667,0.467258198928833,88.8,844.9681168279999,,
deit_distilled-standard-seed43,deit_distilled,Distilled DeiT-S/16,standard,43,11,0.9716094647195604,94.1288888888889,0.48206463735103605,89.2,929.127655951,,
deit_distilled-standard-seed43,deit_distilled,Distilled DeiT-S/16,standard,43,12,0.9504373678631253,94.85111111111111,0.47850291204452516,89.26,1012.4233676609998,,
deit_distilled-standard-seed43,deit_distilled,Distilled DeiT-S/16,standard,43,13,0.9304480115678575,95.58222222222223,0.47780429615974424,89.1,1096.4166046849998,,
deit_distilled-standard-seed43,deit_distilled,Distilled DeiT-S/16,standard,43,14,0.9158269773907132,96.06888888888889,0.4794639537334442,89.46,1180.3875245379998,,
deit_distilled-standard-seed43,deit_distilled,Distilled DeiT-S/16,standard,43,15,0.9014540897687277,96.51777777777778,0.4796844746589661,89.76,1263.5969933509998,,
deit_distilled-standard-seed43,deit_distilled,Distilled DeiT-S/16,standard,43,16,0.8968948127322727,96.67777777777778,0.47670816011428835,89.82,1347.8067791919998,,
deit_distilled-standard-seed43,deit_distilled,Distilled DeiT-S/16,standard,43,17,0.8847612547768486,97.11777777777777,0.46957905249595644,90.0,1431.7310385709998,,
deit_distilled-standard-seed43,deit_distilled,Distilled DeiT-S/16,standard,43,18,0.8790466987821791,97.24222222222222,0.47458293809890745,90.0,1514.7739755899997,,
deit_distilled-standard-seed43,deit_distilled,Distilled DeiT-S/16,standard,43,19,0.8732703325483534,97.46,0.47182472505569456,90.0,1599.1957372069999,,
deit_distilled-standard-seed43,deit_distilled,Distilled DeiT-S/16,standard,43,20,0.8731164227909513,97.54444444444445,0.47295894360542295,90.16,1683.276820501,,
deit_distilled-standard-seed44,deit_distilled,Distilled DeiT-S/16,standard,44,1,2.9977581045362682,42.75555555555555,0.8509647571563721,79.68,84.188060908,,
deit_distilled-standard-seed44,deit_distilled,Distilled DeiT-S/16,standard,44,2,1.5293172847323948,75.35333333333334,0.627078067445755,83.96,169.434934128,,
deit_distilled-standard-seed44,deit_distilled,Distilled DeiT-S/16,standard,44,3,1.369779471927219,80.32222222222222,0.5474709315299988,85.8,257.82205899200005,,
deit_distilled-standard-seed44,deit_distilled,Distilled DeiT-S/16,standard,44,4,1.2741754770067002,83.47333333333333,0.529567231798172,86.84,342.73414671300003,,
deit_distilled-standard-seed44,deit_distilled,Distilled DeiT-S/16,standard,44,5,1.196279378551907,86.05777777777777,0.4961685337543488,88.0,430.40775736300003,,
deit_distilled-standard-seed44,deit_distilled,Distilled DeiT-S/16,standard,44,6,1.143081200281779,87.99333333333334,0.491046804189682,88.18,516.3663920089999,,
deit_distilled-standard-seed44,deit_distilled,Distilled DeiT-S/16,standard,44,7,1.0937492934544881,89.76666666666667,0.49740197639465333,87.96,605.995652101,,
deit_distilled-standard-seed44,deit_distilled,Distilled DeiT-S/16,standard,44,8,1.0561246426052517,91.10444444444444,0.492019255065918,88.48,690.7955250440001,,
deit_distilled-standard-seed44,deit_distilled,Distilled DeiT-S/16,standard,44,9,1.0237880036248102,92.31777777777778,0.47564145946502684,89.0,776.0408037910001,,
deit_distilled-standard-seed44,deit_distilled,Distilled DeiT-S/16,standard,44,10,0.995832539876302,93.32222222222222,0.48339254236221313,89.46,864.8096337790003,,
deit_distilled-standard-seed44,deit_distilled,Distilled DeiT-S/16,standard,44,11,0.9728447216245864,94.0111111111111,0.48064363379478453,88.82,953.6293515720001,,
deit_distilled-standard-seed44,deit_distilled,Distilled DeiT-S/16,standard,44,12,0.9496805101182726,94.87333333333333,0.4762904680252075,89.54,1041.7340647820001,,
deit_distilled-standard-seed44,deit_distilled,Distilled DeiT-S/16,standard,44,13,0.9323136636734008,95.46,0.48379494886398317,89.32,1133.8188962220004,,
deit_distilled-standard-seed44,deit_distilled,Distilled DeiT-S/16,standard,44,14,0.9161827259805467,96.04444444444445,0.4832069589614868,89.44,1222.4505687970002,,
deit_distilled-standard-seed44,deit_distilled,Distilled DeiT-S/16,standard,44,15,0.9069438054826524,96.36222222222223,0.4768580966949463,89.66,1311.3063252710003,,
deit_distilled-standard-seed44,deit_distilled,Distilled DeiT-S/16,standard,44,16,0.8942975118849013,96.7311111111111,0.475810445690155,89.7,1396.1095069200005,,
deit_distilled-standard-seed44,deit_distilled,Distilled DeiT-S/16,standard,44,17,0.8902478694915772,96.85333333333334,0.47872688302993777,89.88,1483.4896943250005,,
deit_distilled-standard-seed44,deit_distilled,Distilled DeiT-S/16,standard,44,18,0.8789131625493367,97.26222222222222,0.480087397480011,89.98,1570.4980786050005,,
deit_distilled-standard-seed44,deit_distilled,Distilled DeiT-S/16,standard,44,19,0.8805714562416077,97.26444444444445,0.47695729274749754,90.3,1657.6466858940005,,
deit_distilled-standard-seed44,deit_distilled,Distilled DeiT-S/16,standard,44,20,0.8774085379070706,97.32444444444444,0.4765383381843567,90.28,1741.7318086770006,,
deit_distilled-hard_kd-seed42,deit_distilled,Distilled DeiT-S/16,hard_kd,42,1,2.891303874291314,43.58444444444444,0.7823614247322083,79.72,129.67461937000002,3.0271674709743923,2.7554402774386935
deit_distilled-hard_kd-seed42,deit_distilled,Distilled DeiT-S/16,hard_kd,42,2,1.1876610801908705,75.83555555555556,0.5414647546768189,84.16,252.34651784900004,1.5427573557959662,0.8325648040771484
deit_distilled-hard_kd-seed42,deit_distilled,Distilled DeiT-S/16,hard_kd,42,3,1.0061806173854404,80.2088888888889,0.4768359443664551,85.9,375.692797325,1.3834636107232836,0.6288976232846578
deit_distilled-hard_kd-seed42,deit_distilled,Distilled DeiT-S/16,hard_kd,42,4,0.8947540015962389,83.70222222222222,0.4441151406288147,86.78,500.362236125,1.2784623081419204,0.5110456932703654
deit_distilled-hard_kd-seed42,deit_distilled,Distilled DeiT-S/16,hard_kd,42,5,0.8228176123407152,86.06222222222222,0.42421336784362795,87.16,625.7417416510001,1.2116484966066148,0.43398672875298394
deit_distilled-hard_kd-seed42,deit_distilled,Distilled DeiT-S/16,hard_kd,42,6,0.763524847624037,88.20666666666666,0.409509094285965,87.98,751.6183524050001,1.1525930098109776,0.37445668535232546
deit_distilled-hard_kd-seed42,deit_distilled,Distilled DeiT-S/16,hard_kd,42,7,0.7157429592556424,89.65555555555555,0.4245356678009033,87.68,877.2789197310001,1.109786534108056,0.3216993831422594
deit_distilled-hard_kd-seed42,deit_distilled,Distilled DeiT-S/16,hard_kd,42,8,0.6763199755350748,90.95555555555555,0.4036053611040115,88.4,1000.958533601,1.071368237792121,0.28127171156141495
deit_distilled-hard_kd-seed42,deit_distilled,Distilled DeiT-S/16,hard_kd,42,9,0.6393239784028795,92.3,0.4089566869735718,88.54,1125.552717204,1.037098964267307,0.2415489924536811
deit_distilled-hard_kd-seed42,deit_distilled,Distilled DeiT-S/16,hard_kd,42,10,0.6139209205097622,93.15555555555555,0.4001792684316635,88.52,1249.907995705,1.0112061354955038,0.2166357067373064
deit_distilled-hard_kd-seed42,deit_distilled,Distilled DeiT-S/16,hard_kd,42,11,0.5895874520301819,94.02222222222223,0.396558064365387,89.16,1375.8699237350002,0.9875530295477973,0.19162187317477333
deit_distilled-hard_kd-seed42,deit_distilled,Distilled DeiT-S/16,hard_kd,42,12,0.573295332898034,94.64666666666666,0.3879859871864319,88.9,1499.8493775440002,0.9677312017228868,0.17885946276452805
deit_distilled-hard_kd-seed42,deit_distilled,Distilled DeiT-S/16,hard_kd,42,13,0.5550679882844289,95.28,0.39951880366802217,89.2,1625.9221191220001,0.9492251159667969,0.16091086073981392
deit_distilled-hard_kd-seed42,deit_distilled,Distilled DeiT-S/16,hard_kd,42,14,0.5398053416570028,95.70666666666666,0.3892052047252655,89.5,1751.1481698890002,0.9340377052730984,0.14557297928598192
deit_distilled-hard_kd-seed42,deit_distilled,Distilled DeiT-S/16,hard_kd,42,15,0.5345867886543274,96.03333333333333,0.38163992581367495,89.64,1873.1241391210003,0.9239453143861559,0.145228263314565
deit_distilled-hard_kd-seed42,deit_distilled,Distilled DeiT-S/16,hard_kd,42,16,0.5279601024097866,96.36222222222223,0.36974528813362123,90.16,1996.8540595680006,0.9125766407118904,0.14334356382422977
deit_distilled-hard_kd-seed42,deit_distilled,Distilled DeiT-S/16,hard_kd,42,17,0.5234279460430146,96.59777777777778,0.36778093738555906,90.16,2121.2349653710007,0.9053525572141011,0.1415033326705297
deit_distilled-hard_kd-seed42,deit_distilled,Distilled DeiT-S/16,hard_kd,42,18,0.5371519863181644,96.66888888888889,0.36090206460952756,90.32,2244.1225055700006,0.9007420391188727,0.17356193328963385
deit_distilled-hard_kd-seed42,deit_distilled,Distilled DeiT-S/16,hard_kd,42,19,0.5340569213761224,96.74666666666667,0.359119135427475,90.38,2367.225204148001,0.8981096373028226,0.17000420770910052
deit_distilled-hard_kd-seed42,deit_distilled,Distilled DeiT-S/16,hard_kd,42,20,0.5313887091318766,96.80444444444444,0.35858049035072326,90.46,2489.6353192010006,0.8954598051495022,0.16731761072741613
deit_distilled-hard_kd-seed43,deit_distilled,Distilled DeiT-S/16,hard_kd,43,1,2.9287832387924193,41.54666666666667,0.8195689846992492,79.32,135.76922614600002,3.0824710364023846,2.7750954484727646
deit_distilled-hard_kd-seed43,deit_distilled,Distilled DeiT-S/16,hard_kd,43,2,1.1976113839891223,75.24888888888889,0.5429152712345123,84.22,259.0439842480001,1.5526228285047743,0.842599940999349
deit_distilled-hard_kd-seed43,deit_distilled,Distilled DeiT-S/16,hard_kd,43,3,1.0213200540648566,79.89111111111112,0.4906630965709686,85.7,382.164758299,1.3959846112993028,0.6466554945415921
deit_distilled-hard_kd-seed43,deit_distilled,Distilled DeiT-S/16,hard_kd,43,4,0.8950510659959581,83.86888888888889,0.43704870057106016,86.72,505.474577456,1.2768856774224175,0.5132164569642809
deit_distilled-hard_kd-seed43,deit_distilled,Distilled DeiT-S/16,hard_kd,43,5,0.8310969106144376,86.01333333333334,0.4212643687725067,87.84,628.704182082,1.2137438252555,0.4484499966568417
deit_distilled-hard_kd-seed43,deit_distilled,Distilled DeiT-S/16,hard_kd,43,6,0.7742280316564771,87.83777777777777,0.43822868962287903,86.8,751.8393803299999,1.156732429631551,0.3917236333211263
deit_distilled-hard_kd-seed43,deit_distilled,Distilled DeiT-S/16,hard_kd,43,7,0.728911703130934,89.42222222222222,0.4072139594554901,87.86,874.911157876,1.1124767728381686,0.34534663320117526
deit_distilled-hard_kd-seed43,deit_distilled,Distilled DeiT-S/16,hard_kd,43,8,0.6893146724806891,90.94444444444444,0.4018845633506775,88.28,998.1578501330001,1.0699806736098396,0.3086486725065443
deit_distilled-hard_kd-seed43,deit_distilled,Distilled DeiT-S/16,hard_kd,43,9,0.6664539758152432,91.9088888888889,0.4044099115848541,88.86,1121.247578128,1.0472418416129219,0.285666108724806
deit_distilled-hard_kd-seed43,deit_distilled,Distilled DeiT-S/16,hard_kd,43,10,0.6395534198760986,92.82222222222222,0.39913368508815766,88.7,1244.5626637179998,1.0193096835242377,0.2597971566412184
deit_distilled-hard_kd-seed43,deit_distilled,Distilled DeiT-S/16,hard_kd,43,11,0.6162675294452243,93.65777777777778,0.38752014577388766,89.04,1367.7723100969997,0.9938013131247626,0.23873374446762932
deit_distilled-hard_kd-seed43,deit_distilled,Distilled DeiT-S/16,hard_kd,43,12,0.5965302309354147,94.24888888888889,0.38459586548805236,89.16,1490.8595400249997,0.9713725334591335,0.22168792927530076
deit_distilled-hard_kd-seed43,deit_distilled,Distilled DeiT-S/16,hard_kd,43,13,0.5757942104657491,94.98,0.3848479796409607,89.1,1613.8521726029996,0.9526513829125298,0.19893703789446088
deit_distilled-hard_kd-seed43,deit_distilled,Distilled DeiT-S/16,hard_kd,43,14,0.5671409094863468,95.52,0.3798333389759064,89.48,1737.0080181519995,0.9361915278858609,0.19809029173056283
deit_distilled-hard_kd-seed43,deit_distilled,Distilled DeiT-S/16,hard_kd,43,15,0.554848009051217,95.81777777777778,0.3778343957185745,89.52,1860.1085322999993,0.9253742494795058,0.18432176601621839
deit_distilled-hard_kd-seed43,deit_distilled,Distilled DeiT-S/16,hard_kd,43,16,0.5501120466444227,96.07555555555555,0.3691397216796875,89.62,1983.0631068049997,0.9187914066208733,0.18143268666267395
deit_distilled-hard_kd-seed43,deit_distilled,Distilled DeiT-S/16,hard_kd,43,17,0.5379814247820113,96.32888888888888,0.3659845009803772,90.0,2106.316168004,0.9061751669036018,0.16978768435054356
deit_distilled-hard_kd-seed43,deit_distilled,Distilled DeiT-S/16,hard_kd,43,18,0.5337994150055779,96.59777777777778,0.3606197656154633,89.7,2229.3478398089997,0.9013160623868306,0.1662827663845486
deit_distilled-hard_kd-seed43,deit_distilled,Distilled DeiT-S/16,hard_kd,43,19,0.528296198993259,96.69333333333333,0.3612505676746368,89.9,2352.5222674789993,0.8955731566111247,0.16101924628681608
deit_distilled-hard_kd-seed43,deit_distilled,Distilled DeiT-S/16,hard_kd,43,20,0.5296659093644884,96.8488888888889,0.361381387758255,90.06,2475.6306675059996,0.8955944094869825,0.16373740825917985
deit_distilled-hard_kd-seed44,deit_distilled,Distilled DeiT-S/16,hard_kd,44,1,2.9172539457745024,42.32666666666667,0.8037968199729919,80.0,129.24327998899997,3.0575056590186227,2.777002233039008
deit_distilled-hard_kd-seed44,deit_distilled,Distilled DeiT-S/16,hard_kd,44,2,1.199185688633389,75.25555555555556,0.5595191810131073,83.54,250.98709217099994,1.5534146911621094,0.8449566852993435
deit_distilled-hard_kd-seed44,deit_distilled,Distilled DeiT-S/16,hard_kd,44,3,1.0142347576565212,80.26666666666667,0.4710086986064911,85.78,373.29275533500004,1.3892860037909613,0.6391835083431667
deit_distilled-hard_kd-seed44,deit_distilled,Distilled DeiT-S/16,hard_kd,44,4,0.9099242265171474,83.39333333333333,0.4479987185955048,86.38,496.21334167299995,1.28951179945204,0.5303366531133652
deit_distilled-hard_kd-seed44,deit_distilled,Distilled DeiT-S/16,hard_kd,44,5,0.8317347321404351,86.01333333333334,0.4168547761917114,87.74,619.0086425959998,1.2139732154740228,0.44949625146653915
deit_distilled-hard_kd-seed44,deit_distilled,Distilled DeiT-S/16,hard_kd,44,6,0.7770806811332702,87.74888888888889,0.41382922625541685,88.04,741.9203825609998,1.1590111846076117,0.3951501806047228
deit_distilled-hard_kd-seed44,deit_distilled,Distilled DeiT-S/16,hard_kd,44,7,0.7310264108763801,89.63777777777777,0.41661795749664304,87.6,864.9877230799998,1.111869426557753,0.3501833961725235
deit_distilled-hard_kd-seed44,deit_distilled,Distilled DeiT-S/16,hard_kd,44,8,0.6927898583730062,90.92666666666666,0.4051929706573486,88.38,988.2038016439999,1.0743477234734429,0.31123199504216514
deit_distilled-hard_kd-seed44,deit_distilled,Distilled DeiT-S/16,hard_kd,44,9,0.6638727407879299,91.84222222222222,0.37963612928390505,89.06,1111.5598942339998,1.0453598051495023,0.28238567671246
deit_distilled-hard_kd-seed44,deit_distilled,Distilled DeiT-S/16,hard_kd,44,10,0.6362758345921834,92.82888888888888,0.39949473524093626,88.9,1234.8359054669997,1.0173541036817764,0.25519756574630736
deit_distilled-hard_kd-seed44,deit_distilled,Distilled DeiT-S/16,hard_kd,44,11,0.6193733670075734,93.57777777777778,0.385602642250061,89.36,1357.7475060469997,0.9946745898988512,0.2440721433401108
deit_distilled-hard_kd-seed44,deit_distilled,Distilled DeiT-S/16,hard_kd,44,12,0.5950572917408413,94.30222222222223,0.39176607789993284,89.08,1481.1199927039995,0.9713103383594089,0.21880424451298183
deit_distilled-hard_kd-seed44,deit_distilled,Distilled DeiT-S/16,hard_kd,44,13,0.5815811908192104,94.81555555555556,0.38579091906547547,89.26,1604.1639940099997,0.9551089630974664,0.20805342066287993
deit_distilled-hard_kd-seed44,deit_distilled,Distilled DeiT-S/16,hard_kd,44,14,0.562831224515703,95.49333333333334,0.38141796951293944,89.42,1727.3423413549997,0.9377868717829386,0.18787557439009347
deit_distilled-hard_kd-seed44,deit_distilled,Distilled DeiT-S/16,hard_kd,44,15,0.5554835402594672,95.67111111111112,0.3635530668258667,90.18,1850.2814545489998,0.9289417793273925,0.18202530020078023
deit_distilled-hard_kd-seed44,deit_distilled,Distilled DeiT-S/16,hard_kd,44,16,0.5463188575108846,96.04888888888888,0.356517165517807,90.16,1973.2980403569998,0.9175062625249227,0.17513145196172927
deit_distilled-hard_kd-seed44,deit_distilled,Distilled DeiT-S/16,hard_kd,44,17,0.5405616811116536,96.2688888888889,0.3586801685333252,90.04,2096.783539895,0.9109745461569893,0.17014881643454233
deit_distilled-hard_kd-seed44,deit_distilled,Distilled DeiT-S/16,hard_kd,44,18,0.5333575668652852,96.67333333333333,0.3591350576877594,90.08,2220.469081041,0.8992170536465115,0.16749807998869154
deit_distilled-hard_kd-seed44,deit_distilled,Distilled DeiT-S/16,hard_kd,44,19,0.5337492761823867,96.54222222222222,0.35689546976089476,90.28,2344.1217141380007,0.9018334956169128,0.1656650566233529
deit_distilled-hard_kd-seed44,deit_distilled,Distilled DeiT-S/16,hard_kd,44,20,0.533892258728875,96.57555555555555,0.3583702641963959,90.06,2467.4307780010004,0.8999511775864495,0.1678333395799001
